Name,Weight,Height,BMI
swarang,2.0,0.6,5.555555555555555
Om,50.0,0.5,200.0
Om,50.0,0.5,200.0
Om,50.0,2.1,11.337868480725623
